period,a,b,c
1,0.69,0.33,0.1
2,0.62,0.37,0.1
3,0.69,0.21,0.10000000000000006
4,0.52,0.32,0.15999999999999998
5,0.69,0.34,0.1
6,0.53,0.4,0.1
7,0.53,0.26,0.20999999999999996
8,0.57,0.2,0.23000000000000004
9,0.57,0.29,0.14000000000000007
10,0.65,0.33,0.1
11,0.7,0.21,0.1
12,0.54,0.4,0.1
